{
  "format_version": "1",
  "baseline": {
    "run_id": "bird-minidev-select-smoke-b1-openai-gpt-5-6-luna",
    "method_id": "B1",
    "configuration_sha256": "8034421e2945a5aa29521b2a839fe2b0906002cb09d11d5915a6649db35894c3",
    "software_revisions": [
      "12d81ff81573ebf60a5f43078b2a687e51943839"
    ],
    "tasks": 20,
    "correct": 4,
    "accuracy": 0.2,
    "abstained": 6,
    "invalid": 3,
    "execution_errors": 0,
    "failure_categories": {
      "safe_abstention": 6,
      "semantic_mismatch": 7,
      "validator_rejection": 3
    },
    "schema_chars": 17757,
    "input_tokens": 6381,
    "output_tokens": 1169,
    "estimated_cost_usd": 0.013395,
    "schema_evidence": {
      "tasks": 20,
      "tasks_with_full_table_recall": 15,
      "tasks_with_full_column_recall": 14,
      "retrieval_misses": 6,
      "macro_table_recall": 0.85,
      "macro_table_precision": 0.4682142857142857,
      "macro_column_recall": 0.8396031746031746,
      "macro_column_precision": 0.14880448909822086,
      "macro_combined_recall": 0.8431349206349207,
      "macro_combined_precision": 0.17443204080330946,
      "micro_table_recall": 0.8636363636363636,
      "micro_table_precision": 0.4175824175824176,
      "micro_column_recall": 0.8454545454545455,
      "micro_column_precision": 0.11712846347607053
    }
  },
  "treatment": {
    "run_id": "bird-minidev-select-smoke-b3-openai-gpt-5-6-luna",
    "method_id": "B3",
    "configuration_sha256": "41de78c7d028afe0e321578edd26c10755ae590bf4c92457765d83484586eefd",
    "software_revisions": [
      "59677d0d897198b10cf728d49e7a45a7c88173b3"
    ],
    "tasks": 20,
    "correct": 3,
    "accuracy": 0.15,
    "abstained": 9,
    "invalid": 1,
    "execution_errors": 0,
    "failure_categories": {
      "safe_abstention": 9,
      "semantic_mismatch": 7,
      "validator_rejection": 1
    },
    "schema_chars": 18633,
    "input_tokens": 6695,
    "output_tokens": 767,
    "estimated_cost_usd": 0.011297,
    "schema_evidence": {
      "tasks": 20,
      "tasks_with_full_table_recall": 13,
      "tasks_with_full_column_recall": 9,
      "retrieval_misses": 11,
      "macro_table_recall": 0.8083333333333333,
      "macro_table_precision": 0.5666666666666667,
      "macro_column_recall": 0.7413492063492064,
      "macro_column_precision": 0.16266053200549768,
      "macro_combined_recall": 0.7609310134310134,
      "macro_combined_precision": 0.1977300367426536,
      "micro_table_recall": 0.75,
      "micro_table_precision": 0.515625,
      "micro_column_recall": 0.7181818181818181,
      "micro_column_precision": 0.09349112426035502
    }
  },
  "deltas": {
    "correct": -1,
    "accuracy": -0.05,
    "abstained": 3,
    "invalid": -2,
    "execution_errors": 0,
    "schema_chars": 876,
    "input_tokens": 314,
    "output_tokens": -402,
    "estimated_cost_usd": -0.002098
  },
  "context_truncated_tasks": 12,
  "improved_task_ids": [
    "1351",
    "414"
  ],
  "regressed_task_ids": [
    "24",
    "740",
    "800"
  ],
  "unchanged_task_ids": [
    "1028",
    "1042",
    "1139",
    "1155",
    "116",
    "1185",
    "1389",
    "1464",
    "218",
    "226",
    "244",
    "459",
    "47",
    "637",
    "898"
  ],
  "paired_outcomes": [
    {
      "task_id": "1028",
      "baseline_outcome": "safe_abstention",
      "treatment_outcome": "semantic_mismatch",
      "correctness_change": "unchanged",
      "baseline_schema_chars": 998,
      "treatment_schema_chars": 2675
    },
    {
      "task_id": "1042",
      "baseline_outcome": "correct",
      "treatment_outcome": "correct",
      "correctness_change": "unchanged",
      "baseline_schema_chars": 998,
      "treatment_schema_chars": 4196
    },
    {
      "task_id": "1139",
      "baseline_outcome": "semantic_mismatch",
      "treatment_outcome": "safe_abstention",
      "correctness_change": "unchanged",
      "baseline_schema_chars": 998,
      "treatment_schema_chars": 2205
    },
    {
      "task_id": "1155",
      "baseline_outcome": "safe_abstention",
      "treatment_outcome": "safe_abstention",
      "correctness_change": "unchanged",
      "baseline_schema_chars": 901,
      "treatment_schema_chars": 436
    },
    {
      "task_id": "116",
      "baseline_outcome": "validator_rejection",
      "treatment_outcome": "safe_abstention",
      "correctness_change": "unchanged",
      "baseline_schema_chars": 985,
      "treatment_schema_chars": 469
    },
    {
      "task_id": "1185",
      "baseline_outcome": "safe_abstention",
      "treatment_outcome": "safe_abstention",
      "correctness_change": "unchanged",
      "baseline_schema_chars": 901,
      "treatment_schema_chars": 423
    },
    {
      "task_id": "1351",
      "baseline_outcome": "safe_abstention",
      "treatment_outcome": "correct",
      "correctness_change": "improved",
      "baseline_schema_chars": 991,
      "treatment_schema_chars": 479
    },
    {
      "task_id": "1389",
      "baseline_outcome": "semantic_mismatch",
      "treatment_outcome": "semantic_mismatch",
      "correctness_change": "unchanged",
      "baseline_schema_chars": 991,
      "treatment_schema_chars": 452
    },
    {
      "task_id": "1464",
      "baseline_outcome": "semantic_mismatch",
      "treatment_outcome": "safe_abstention",
      "correctness_change": "unchanged",
      "baseline_schema_chars": 991,
      "treatment_schema_chars": 409
    },
    {
      "task_id": "218",
      "baseline_outcome": "validator_rejection",
      "treatment_outcome": "validator_rejection",
      "correctness_change": "unchanged",
      "baseline_schema_chars": 395,
      "treatment_schema_chars": 395
    },
    {
      "task_id": "226",
      "baseline_outcome": "semantic_mismatch",
      "treatment_outcome": "semantic_mismatch",
      "correctness_change": "unchanged",
      "baseline_schema_chars": 395,
      "treatment_schema_chars": 395
    },
    {
      "task_id": "24",
      "baseline_outcome": "correct",
      "treatment_outcome": "safe_abstention",
      "correctness_change": "regressed",
      "baseline_schema_chars": 954,
      "treatment_schema_chars": 871
    },
    {
      "task_id": "244",
      "baseline_outcome": "semantic_mismatch",
      "treatment_outcome": "safe_abstention",
      "correctness_change": "unchanged",
      "baseline_schema_chars": 395,
      "treatment_schema_chars": 395
    },
    {
      "task_id": "414",
      "baseline_outcome": "safe_abstention",
      "treatment_outcome": "correct",
      "correctness_change": "improved",
      "baseline_schema_chars": 983,
      "treatment_schema_chars": 1400
    },
    {
      "task_id": "459",
      "baseline_outcome": "semantic_mismatch",
      "treatment_outcome": "semantic_mismatch",
      "correctness_change": "unchanged",
      "baseline_schema_chars": 983,
      "treatment_schema_chars": 236
    },
    {
      "task_id": "47",
      "baseline_outcome": "safe_abstention",
      "treatment_outcome": "safe_abstention",
      "correctness_change": "unchanged",
      "baseline_schema_chars": 954,
      "treatment_schema_chars": 974
    },
    {
      "task_id": "637",
      "baseline_outcome": "validator_rejection",
      "treatment_outcome": "semantic_mismatch",
      "correctness_change": "unchanged",
      "baseline_schema_chars": 989,
      "treatment_schema_chars": 830
    },
    {
      "task_id": "740",
      "baseline_outcome": "correct",
      "treatment_outcome": "safe_abstention",
      "correctness_change": "regressed",
      "baseline_schema_chars": 989,
      "treatment_schema_chars": 331
    },
    {
      "task_id": "800",
      "baseline_outcome": "correct",
      "treatment_outcome": "semantic_mismatch",
      "correctness_change": "regressed",
      "baseline_schema_chars": 989,
      "treatment_schema_chars": 368
    },
    {
      "task_id": "898",
      "baseline_outcome": "semantic_mismatch",
      "treatment_outcome": "semantic_mismatch",
      "correctness_change": "unchanged",